,word,value
1,abandon,-2
2,abandoned,-2
3,abandons,-2
4,abducted,-2
5,abduction,-2
6,abductions,-2
7,abhor,-3
8,abhorred,-3
9,abhorrent,-3
10,abhors,-3
11,abilities,2
12,ability,2
13,aboard,1
14,aborted,-1
15,aborts,-1
16,absentee,-1
17,absentees,-1
18,absolve,2
19,absolved,2
20,absolves,2
21,absolving,2
22,absorbed,1
23,abuse,-3
24,abused,-3
25,abuses,-3
26,abusing,-3
27,abusive,-3
28,accept,1
29,acceptable,1
30,acceptance,1
31,accepted,1
32,accepting,1
33,accepts,1
34,accessible,1
35,accident,-2
36,accidental,-2
37,accidentally,-2
38,accidents,-2
39,acclaim,2
40,acclaimed,2
41,accolade,2
42,accomplish,2
43,accomplished,2
44,accomplishes,2
45,accomplishment,2
46,accomplishments,2
47,accusation,-2
48,accusations,-2
49,accuse,-2
50,accused,-2
51,accuses,-2
52,accusing,-2
53,ache,-2
54,achievable,1
55,aching,-2
56,acquit,2
57,acquits,2
58,acquitted,2
59,acquitting,2
60,acrimonious,-3
61,active,1
62,adequate,1
63,admire,3
64,admired,3
65,admires,3
66,admiring,3
67,admit,-1
68,admits,-1
69,admitted,-1
70,admonish,-2
71,admonished,-2
72,adopt,1
73,adopts,1
74,adorable,3
75,adoration,3
76,adore,3
77,adored,3
78,adores,3
79,adoring,3
80,adoringly,3
81,advanced,1
82,advantage,2
83,advantageous,2
84,advantageously,2
85,advantages,2
86,adventure,2
87,adventures,2
88,adventurous,2
89,adversary,-1
90,advisable,1
91,affected,-1
92,affection,3
93,affectionate,3
94,affectionateness,3
95,afflicted,-1
96,affordable,2
97,affronted,-1
98,aficionados,2
99,afraid,-2
100,aggravate,-2
101,aggravated,-2
102,aggravates,-2
103,aggravating,-2
104,aggression,-2
105,aggressions,-2
106,aggressive,-2
107,aggressiveness,-2
108,aghast,-2
109,agog,2
110,agonise,-3
111,agonised,-3
112,agonises,-3
113,agonising,-3
114,agonize,-3
115,agonized,-3
116,agonizes,-3
117,agonizing,-3
118,agree,1
119,agreeable,2
120,agreed,1
121,agreement,1
122,agrees,1
123,alarm,-2
124,alarmed,-2
125,alarmist,-2
126,alarmists,-2
127,alas,-1
128,alert,-1
129,alienation,-2
130,alive,1
131,allegation,-2
132,allegations,-2
133,allergic,-2
134,allow,1
135,ally,2
136,alone,-2
137,altruistic,2
138,amaze,2
139,amazed,2
140,amazes,2
141,amazing,4
142,ambitious,2
143,ambivalent,-1
144,amicable,2
145,amuse,3
146,amused,3
147,amusement,3
148,amusements,3
149,anger,-3
150,angered,-3
151,angers,-3
152,angry,-3
153,anguish,-3
154,anguished,-3
155,animosity,-2
156,annoy,-2
157,annoyance,-2
158,annoyed,-2
159,annoying,-2
160,annoys,-2
161,antagonistic,-2
162,anti,-1
163,anticipation,1
164,anxiety,-2
165,anxious,-2
166,apathetic,-3
167,apathy,-3
168,apeshit,-3
169,apocalyptic,-2
170,apologise,-1
171,apologised,-1
172,apologises,-1
173,apologising,-1
174,apologize,-1
175,apologized,-1
176,apologizes,-1
177,apologizing,-1
178,apology,-1
179,appalled,-2
180,appalling,-2
181,appealing,2
182,appease,2
183,appeased,2
184,appeases,2
185,appeasing,2
186,applaud,2
187,applauded,2
188,applauding,2
189,applauds,2
190,applause,2
191,appreciate,2
192,appreciated,2
193,appreciates,2
194,appreciating,2
195,appreciation,2
196,apprehensive,-2
197,appropriate,2
198,appropriately,2
199,approval,2
200,approved,2
201,approves,2
202,ardent,1
203,arrest,-2
204,arrested,-3
205,arrests,-2
206,arrogant,-2
207,arsehole,-4
208,ashame,-2
209,ashamed,-2
210,ass,-4
211,assassination,-3
212,assassinations,-3
213,assault,-2
214,assaults,-2
215,asset,2
216,assets,2
217,assfucking,-4
218,asshole,-4
219,astonished,2
220,astound,3
221,astounded,3
222,astounding,3
223,astoundingly,3
224,astounds,3
225,atrocious,-3
226,atrocity,-3
227,attack,-1
228,attacked,-1
229,attacking,-1
230,attacks,-1
231,attract,1
232,attracted,1
233,attracting,2
234,attraction,2
235,attractions,2
236,attractive,2
237,attractively,2
238,attractiveness,2
239,attracts,1
240,audacious,3
241,aura,1
242,authority,1
243,avenge,-2
244,avenged,-2
245,avenger,-2
246,avengers,-2
247,avenges,-2
248,avenging,-2
249,avert,-1
250,averted,-1
251,averts,-1
252,avid,2
253,avoid,-1
254,avoided,-1
255,avoids,-1
256,await,-1
257,awaited,-1
258,awaits,-1
259,award,3
260,awarded,3
261,awards,3
262,awesome,4
263,awful,-3
264,awkward,-2
265,axe,-1
266,axed,-1
267,backed,1
268,backing,2
269,backs,1
270,bad,-3
271,bad luck,-2
272,badass,-3
273,badly,-3
274,badness,-3
275,bailout,-2
276,balanced,1
277,bamboozle,-2
278,bamboozled,-2
279,bamboozles,-2
280,ban,-2
281,banish,-1
282,bankrupt,-3
283,bankruptcy,-3
284,bankster,-3
285,banned,-2
286,barbarian,-2
287,barbaric,-2
288,barbarous,-2
289,bargain,2
290,barrier,-2
291,bastard,-5
292,bastards,-5
293,battle,-1
294,battled,-1
295,battles,-1
296,battling,-2
297,beaten,-2
298,beatific,3
299,beating,-1
300,beauties,3
301,beautiful,3
302,beautifully,3
303,beautify,3
304,beauty,3
305,befit,2
306,befitting,2
307,belittle,-2
308,belittled,-2
309,beloved,3
310,benefactor,2
311,benefactors,2
312,benefit,2
313,benefits,2
314,benefitted,2
315,benefitting,2
316,benevolent,3
317,bereave,-2
318,bereaved,-2
319,bereaves,-2
320,bereaving,-2
321,best,3
322,best damn,4
323,betray,-3
324,betrayal,-3
325,betrayed,-3
326,betraying,-3
327,betrays,-3
328,better,2
329,bias,-1
330,biased,-2
331,big,1
332,bitch,-5
333,bitches,-5
334,bitter,-2
335,bitterest,-2
336,bitterly,-2
337,bizarre,-2
338,blackmail,-3
339,blackmailed,-3
340,blackmailing,-3
341,blackmails,-3
342,blah,-2
343,blame,-2
344,blamed,-2
345,blames,-2
346,blaming,-2
347,bless,2
348,blesses,2
349,blessing,3
350,blessings,3
351,blind,-1
352,bliss,3
353,blissful,3
354,blithe,2
355,bloated,-1
356,block,-1
357,blockade,-2
358,blockbuster,3
359,blocked,-1
360,blocking,-1
361,blocks,-1
362,bloody,-3
363,blurry,-2
364,boastful,-2
365,bold,2
366,boldly,2
367,bomb,-1
368,boost,1
369,boosted,1
370,boosting,1
371,boosts,1
372,bore,-2
373,bored,-2
374,boring,-3
375,bother,-2
376,bothered,-2
377,bothers,-2
378,bothersome,-2
379,boycott,-2
380,boycotted,-2
381,boycotting,-2
382,boycotts,-2
383,brainwashing,-3
384,brave,2
385,braveness,2
386,bravery,2
387,bravura,3
388,breach,-2
389,breached,-2
390,breaches,-2
391,breaching,-2
392,breakthrough,3
393,breathtaking,5
394,bribe,-3
395,bribed,-3
396,bribes,-3
397,bribing,-3
398,bright,1
399,brightest,2
400,brightness,1
401,brilliant,4
402,brilliance,3
403,brilliances,3
404,brisk,2
405,broke,-1
406,broken,-1
407,brooding,-2
408,brutal,-3
409,brutally,-3
410,bullied,-2
411,bullshit,-4
412,bully,-2
413,bullying,-2
414,bummer,-2
415,buoyant,2
416,burden,-2
417,burdened,-2
418,burdening,-2
419,burdens,-2
420,burglar,-2
421,burglary,-2
422,calm,2
423,calmed,2
424,calming,2
425,calms,2
426,can't stand,-3
427,cancel,-1
428,cancelled,-1
429,cancelling,-1
430,cancels,-1
431,cancer,-1
432,capabilities,1
433,capability,1
434,capable,1
435,captivated,3
436,care,2
437,carefree,1
438,careful,2
439,carefully,2
440,carefulness,2
441,careless,-2
442,cares,2
443,caring,2
444,cashing in,-2
445,casualty,-2
446,catastrophe,-3
447,catastrophic,-4
448,cautious,-1
449,celebrate,3
450,celebrated,3
451,celebrates,3
452,celebrating,3
453,celebration,3
454,celebrations,3
455,censor,-2
456,censored,-2
457,censors,-2
458,certain,1
459,chagrin,-2
460,chagrined,-2
461,challenge,-1
462,champion,2
463,championed,2
464,champions,2
465,chance,2
466,chances,2
467,chaos,-2
468,chaotic,-2
469,charged,-3
470,charges,-2
471,charisma,2
472,charitable,2
473,charm,3
474,charming,3
475,charmingly,3
476,charmless,-3
477,chastise,-3
478,chastised,-3
479,chastises,-3
480,chastising,-3
481,cheat,-3
482,cheated,-3
483,cheater,-3
484,cheaters,-3
485,cheating,-3
486,cheats,-3
487,cheer,2
488,cheered,2
489,cheerful,2
490,cheerfully,2
491,cheering,2
492,cheerless,-2
493,cheers,2
494,cheery,3
495,cherish,2
496,cherished,2
497,cherishes,2
498,cherishing,2
499,chic,2
500,chide,-3
501,chided,-3
502,chides,-3
503,chiding,-3
504,childish,-2
505,chilling,-1
506,choke,-2
507,choked,-2
508,chokes,-2
509,choking,-2
510,clarifies,2
511,clarity,2
512,clash,-2
513,classy,3
514,clean,2
515,cleaner,2
516,clear,1
517,cleared,1
518,clearly,1
519,clears,1
520,clever,2
521,clouded,-1
522,clueless,-2
523,cock,-5
524,cocksucker,-5
525,cocksuckers,-5
526,cocky,-2
527,coerced,-2
528,coercion,-2
529,collapse,-2
530,collapsed,-2
531,collapses,-2
532,collapsing,-2
533,collide,-1
534,collides,-1
535,colliding,-1
536,collision,-2
537,collisions,-2
538,colluding,-3
539,combat,-1
540,combats,-1
541,comedy,1
542,comfort,2
543,comfortable,2
544,comfortably,2
545,comforting,2
546,comforts,2
547,comic,1
548,commend,2
549,commended,2
550,commit,1
551,commitment,2
552,commits,1
553,committed,1
554,committing,1
555,compassion,2
556,compassionate,2
557,compelled,1
558,competencies,1
559,competent,2
560,competitive,2
561,complacent,-2
562,complain,-2
563,complained,-2
564,complaining,-2
565,complains,-2
566,complaint,-2
567,complaints,-2
568,complicating,-2
569,compliment,2
570,complimented,2
571,compliments,2
572,comprehensive,2
573,concerned,-2
574,conciliate,2
575,conciliated,2
576,conciliates,2
577,conciliating,2
578,condemn,-2
579,condemnation,-2
580,condemned,-2
581,condemns,-2
582,confidence,2
583,confident,2
584,confidently,2
585,conflict,-2
586,conflicting,-2
587,conflictive,-2
588,conflicts,-2
589,confuse,-2
590,confused,-2
591,confusing,-2
592,congrats,2
593,congratulate,2
594,congratulation,2
595,congratulations,2
596,consent,2
597,consents,2
598,consolable,2
599,conspiracy,-3
600,constipation,-2
601,constrained,-2
602,contagion,-2
603,contagions,-2
604,contagious,-1
605,contaminant,-2
606,contaminants,-2
607,contaminate,-2
608,contaminated,-2
609,contaminates,-2
610,contaminating,-2
611,contamination,-2
612,contaminations,-2
613,contempt,-2
614,contemptible,-2
615,contemptuous,-2
616,contemptuously,-2
617,contend,-1
618,contender,-1
619,contending,-1
620,contentious,-2
621,contestable,-2
622,controversial,-2
623,controversially,-2
624,controversies,-2
625,controversy,-2
626,convicted,-2
627,convince,1
628,convinced,1
629,convinces,1
630,convivial,2
631,cool,1
632,cool stuff,3
633,cornered,-2
634,corpse,-1
635,corrupt,-3
636,corrupted,-3
637,corrupting,-3
638,corruption,-3
639,corrupts,-3
640,costly,-2
641,courage,2
642,courageous,2
643,courageously,2
644,courageousness,2
645,courteous,2
646,courtesy,2
647,cover-up,-3
648,coward,-2
649,cowardly,-2
650,coziness,2
651,cramp,-1
652,crap,-3
653,crappy,-3
654,crash,-2
655,crazier,-2
656,craziest,-2
657,crazy,-2
658,creative,2
659,crestfallen,-2
660,cried,-2
661,cries,-2
662,crime,-3
663,crimes,-3
664,criminal,-3
665,criminals,-3
666,criminate,-3
667,criminated,-3
668,criminates,-3
669,crisis,-3
670,critic,-2
671,criticise,-2
672,criticised,-2
673,criticises,-2
674,criticising,-2
675,criticism,-2
676,criticize,-2
677,criticized,-2
678,criticizes,-2
679,criticizing,-2
680,critics,-2
681,critique,-2
682,crowding,-1
683,crude,-1
684,cruel,-3
685,cruelty,-3
686,crush,-1
687,crushed,-2
688,crushes,-1
689,crushing,-1
690,cry,-1
691,crying,-2
692,cunning,2
693,cunt,-5
694,curious,1
695,curse,-1
696,cut,-1
697,cutback,-2
698,cutbacks,-2
699,cute,2
700,cuts,-1
701,cutting,-1
702,cynic,-2
703,cynical,-2
704,cynicism,-2
705,damage,-3
706,damaged,-3
707,damages,-3
708,damaging,-3
709,damn,-2
710,damn cute,3
711,damn good,4
712,damned,-4
713,damnit,-4
714,danger,-2
715,dangerous,-2
716,dangerously,-2
717,daredevil,2
718,daring,2
719,darkest,-2
720,darkness,-1
721,dauntless,2
722,dazzling,3
723,dead,-3
724,deadening,-2
725,deadlock,-2
726,deadly,-3
727,deafening,-1
728,dear,2
729,dearly,3
730,death,-2
731,deaths,-2
732,debonair,2
733,debt,-2
734,deceit,-3
735,deceitful,-3
736,deceive,-3
737,deceived,-3
738,deceives,-3
739,deceiving,-3
740,deception,-3
741,deceptive,-3
742,decisive,1
743,dedicated,2
744,dedication,2
745,defeat,-2
746,defeated,-2
747,defect,-3
748,defective,-3
749,defects,-3
750,defender,2
751,defenders,2
752,defenseless,-2
753,defer,-1
754,deferring,-1
755,defiant,-1
756,deficient,-2
757,deficiency,-2
758,deficiencies,-2
759,deficit,-2
760,deformed,-2
761,deformities,-2
762,deformity,-2
763,defraud,-3
764,defrauds,-3
765,deft,2
766,defunct,-2
767,degrade,-2
768,degraded,-2
769,degrades,-2
770,dehumanize,-2
771,dehumanized,-2
772,dehumanizes,-2
773,dehumanizing,-2
774,deject,-2
775,dejected,-2
776,dejecting,-2
777,dejects,-2
778,delay,-1
779,delayed,-1
780,delectable,3
781,delicious,3
782,delight,3
783,delighted,3
784,delightful,3
785,delightfully,3
786,delighting,3
787,delights,3
788,demand,-1
789,demanded,-1
790,demanding,-1
791,demands,-1
792,demonstration,-1
793,demoralize,-2
794,demoralized,-2
795,demoralizes,-2
796,demoralizing,-2
797,denial,-2
798,denials,-2
799,denied,-2
800,denier,-2
801,deniers,-2
802,denies,-2
803,denounce,-2
804,denounces,-2
805,dent,-2
806,deny,-2
807,denying,-2
808,deplore,-3
809,deplored,-3
810,deplores,-3
811,deploring,-3
812,deport,-2
813,deported,-2
814,deporting,-2
815,deports,-2
816,deportation,-2
817,deportations,-2
818,depressed,-2
819,depressing,-2
820,deprivation,-3
821,derail,-2
822,derailed,-2
823,derails,-2
824,derelict,-2
825,deride,-2
826,derided,-2
827,derides,-2
828,deriding,-2
829,derision,-2
830,desirable,2
831,desire,1
832,desired,2
833,desirous,2
834,despair,-3
835,despairing,-3
836,despairs,-3
837,desperate,-3
838,desperately,-3
839,despondent,-3
840,destroy,-3
841,destroyed,-3
842,destroying,-3
843,destroys,-3
844,destruction,-3
845,destructive,-3
846,detached,-1
847,detain,-2
848,detained,-2
849,detention,-2
850,deteriorate,-2
851,deteriorated,-2
852,deteriorates,-2
853,deteriorating,-2
854,determined,2
855,deterrent,-2
856,detract,-1
857,detracted,-1
858,detracts,-1
859,devastate,-2
860,devastated,-2
861,devastating,-2
862,devastation,-2
863,devastations,-2
864,devoted,3
865,devotion,2
866,devotional,2
867,diamond,1
868,dick,-4
869,dickhead,-4
870,die,-3
871,died,-3
872,difficult,-1
873,diffident,-2
874,dignity,2
875,dilemma,-1
876,dilligence,2
877,dipshit,-3
878,dire,-3
879,direful,-3
880,dirt,-2
881,dirtier,-2
882,dirtiest,-2
883,dirty,-2
884,disabilities,-2
885,disability,-2
886,disabling,-1
887,disadvantage,-2
888,disadvantaged,-2
889,disagree,-2
890,disagreeable,-2
891,disagreement,-2
892,disappear,-1
893,disappeared,-1
894,disappears,-1
895,disappoint,-2
896,disappointed,-2
897,disappointing,-2
898,disappointment,-2
899,disappointments,-2
900,disappoints,-2
901,disapproval,-2
902,disapprovals,-2
903,disapprove,-2
904,disapproved,-2
905,disapproves,-2
906,disapproving,-2
907,disaster,-2
908,disasters,-2
909,disastrous,-3
910,disbelieve,-2
911,discard,-1
912,discarded,-1
913,discarding,-1
914,discards,-1
915,discernment,2
916,discomfort,-2
917,disconsolate,-2
918,disconsolation,-2
919,discontented,-2
920,discord,-2
921,discounted,-1
922,discouraged,-2
923,discredited,-2
924,discriminate,-2
925,discriminated,-2
926,discriminates,-2
927,discriminating,-2
928,discriminatory,-2
929,disdain,-2
930,disease,-1
931,diseases,-1
932,disgrace,-2
933,disgraced,-2
934,disguise,-1
935,disguised,-1
936,disguises,-1
937,disguising,-1
938,disgust,-3
939,disgusted,-3
940,disgustful,-3
941,disgusting,-3
942,disheartened,-2
943,dishonest,-2
944,disillusioned,-2
945,disinclined,-2
946,disjointed,-2
947,dislike,-2
948,disliked,-2
949,dislikes,-2
950,dismal,-2
951,dismayed,-2
952,dismissed,-2
953,disorder,-2
954,disorders,-2
955,disorganized,-2
956,disoriented,-2
957,disparage,-2
958,disparaged,-2
959,disparages,-2
960,disparaging,-2
961,displeased,-2
962,displeasure,-2
963,disproportionate,-2
964,dispute,-2
965,disputed,-2
966,disputes,-2
967,disputing,-2
968,disqualified,-2
969,disquiet,-2
970,disregard,-2
971,disregarded,-2
972,disregarding,-2
973,disregards,-2
974,disrespect,-2
975,disrespected,-2
976,disrupt,-2
977,disrupted,-2
978,disrupting,-2
979,disruption,-2
980,disruptions,-2
981,disruptive,-2
982,disrupts,-2
983,dissatisfied,-2
984,distasteful,-2
985,distinguished,2
986,distort,-2
987,distorted,-2
988,distorting,-2
989,distorts,-2
990,distract,-2
991,distracted,-2
992,distraction,-2
993,distracts,-2
994,distress,-2
995,distressed,-2
996,distresses,-2
997,distressing,-2
998,distrust,-3
999,distrustful,-3
1000,disturb,-2
1001,disturbed,-2
1002,disturbing,-2
1003,disturbs,-2
1004,dithering,-2
1005,diverting,-1
1006,dizzy,-1
1007,dodging,-2
1008,dodgy,-2
1009,does not work,-3
1010,dolorous,-2
1011,donate,2
1012,donated,2
1013,donates,2
1014,donating,2
1015,donation,2
1016,dont like,-2
1017,doom,-2
1018,doomed,-2
1019,doubt,-1
1020,doubted,-1
1021,doubtful,-1
1022,doubting,-1
1023,doubts,-1
1024,douche,-3
1025,douchebag,-3
1026,dour,-2
1027,downcast,-2
1028,downer,-2
1029,downhearted,-2
1030,downside,-2
1031,drag,-1
1032,dragged,-1
1033,drags,-1
1034,drained,-2
1035,dread,-2
1036,dreaded,-2
1037,dreadful,-3
1038,dreading,-2
1039,dream,1
1040,dreams,1
1041,dreary,-2
1042,droopy,-2
1043,drop,-1
1044,dropped,-1
1045,drown,-2
1046,drowned,-2
1047,drowns,-2
1048,drudgery,-2
1049,drunk,-2
1050,dubious,-2
1051,dud,-2
1052,dull,-2
1053,dumb,-3
1054,dumbass,-3
1055,dump,-1
1056,dumped,-2
1057,dumps,-1
1058,dupe,-2
1059,duped,-2
1060,dupery,-2
1061,durable,2
1062,dying,-3
1063,dysfunction,-2
1064,eager,2
1065,earnest,2
1066,ease,2
1067,easy,1
1068,ecstatic,4
1069,eerie,-2
1070,eery,-2
1071,effective,2
1072,effectively,2
1073,effectiveness,2
1074,effortlessly,2
1075,elated,3
1076,elation,3
1077,elegant,2
1078,elegantly,2
1079,embarrass,-2
1080,embarrassed,-2
1081,embarrasses,-2
1082,embarrassing,-2
1083,embarrassment,-2
1084,embezzlement,-3
1085,embittered,-2
1086,embrace,1
1087,emergency,-2
1088,empathetic,2
1089,empower,2
1090,empowerment,2
1091,emptiness,-1
1092,empty,-1
1093,enchanted,2
1094,encourage,2
1095,encouraged,2
1096,encouragement,2
1097,encourages,2
1098,encouraging,2
1099,endorse,2
1100,endorsed,2
1101,endorsement,2
1102,endorses,2
1103,enemies,-2
1104,enemy,-2
1105,energetic,2
1106,engage,1
1107,engages,1
1108,engrossed,1
1109,engrossing,3
1110,enjoy,2
1111,enjoyable,2
1112,enjoyed,2
1113,enjoying,2
1114,enjoys,2
1115,enlighten,2
1116,enlightened,2
1117,enlightening,2
1118,enlightens,2
1119,ennui,-2
1120,enrage,-2
1121,enraged,-2
1122,enrages,-2
1123,enraging,-2
1124,enrapture,3
1125,enslave,-2
1126,enslaved,-2
1127,enslaves,-2
1128,ensure,1
1129,ensuring,1
1130,enterprising,1
1131,entertaining,2
1132,enthral,3
1133,enthusiastic,3
1134,entitled,1
1135,entrusted,2
1136,envies,-1
1137,envious,-2
1138,environment-friendly,2
1139,envy,-1
1140,envying,-1
1141,erroneous,-2
1142,error,-2
1143,errors,-2
1144,escape,-1
1145,escapes,-1
1146,escaping,-1
1147,esteem,2
1148,esteemed,2
1149,ethical,2
1150,euphoria,3
1151,euphoric,4
1152,evacuate,-1
1153,evacuated,-1
1154,evacuates,-1
1155,evacuating,-1
1156,evacuation,-1
1157,evergreen,2
1158,evergreens,2
1159,evergreening,-3
1160,eviction,-1
1161,evil,-3
1162,exacerbate,-2
1163,exacerbated,-2
1164,exacerbates,-2
1165,exacerbating,-2
1166,exaggerate,-2
1167,exaggerated,-2
1168,exaggerates,-2
1169,exaggerating,-2
1170,exasparate,-2
1171,exasperated,-2
1172,exasperates,-2
1173,exasperating,-2
1174,excellence,3
1175,excellent,3
1176,excite,3
1177,excited,3
1178,excitement,3
1179,exciting,3
1180,exclude,-1
1181,excluded,-2
1182,exclusion,-1
1183,exclusive,2
1184,excruciatingly,-1
1185,excuse,-1
1186,exempt,-1
1187,exhausted,-2
1188,exhilarated,3
1189,exhilarates,3
1190,exhilarating,3
1191,exonerate,2
1192,exonerated,2
1193,exonerates,2
1194,exonerating,2
1195,expand,1
1196,expands,1
1197,expel,-2
1198,expelled,-2
1199,expelling,-2
1200,expels,-2
1201,expertly,2
1202,exploit,-2
1203,exploited,-2
1204,exploiting,-2
1205,exploits,-2
1206,exploration,1
1207,explorations,1
1208,expose,-1
1209,exposed,-1
1210,exposes,-1
1211,exposing,-1
1212,exquisite,3
1213,extend,1
1214,extends,1
1215,extremist,-2
1216,extremists,-2
1217,exuberant,4
1218,exultant,3
1219,exultantly,3
1220,fabulous,4
1221,fabulously,4
1222,fad,-2
1223,fag,-3
1224,faggot,-3
1225,faggots,-3
1226,fail,-2
1227,failed,-2
1228,failing,-2
1229,fails,-2
1230,failure,-2
1231,failures,-2
1232,fainthearted,-2
1233,fair,2
1234,fairness,2
1235,faith,1
1236,faithful,3
1237,fake,-3
1238,faker,-3
1239,fakes,-3
1240,faking,-3
1241,fallen,-2
1242,falling,-1
1243,FALSE,-1
1244,falsely,-2
1245,falsified,-3
1246,falsify,-3
1247,fame,1
1248,famine,-2
1249,famous,2
1250,fan,3
1251,fantastic,4
1252,farce,-1
1253,fascinate,3
1254,fascinated,3
1255,fascinates,3
1256,fascinating,3
1257,fascination,3
1258,fascist,-2
1259,fascists,-2
1260,fatal,-3
1261,fatalities,-3
1262,fatality,-3
1263,fatigue,-2
1264,fatigued,-2
1265,fatigues,-2
1266,fatiguing,-2
1267,favor,2
1268,favorable,2
1269,favorably,2
1270,favored,2
1271,favorite,2
1272,favorited,2
1273,favorites,2
1274,favors,2
1275,favour,2
1276,favourable,2
1277,favourably,2
1278,favoured,2
1279,favourite,2
1280,favourited,2
1281,favourites,2
1282,favours,2
1283,fear,-2
1284,fearful,-2
1285,fearfully,-2
1286,fearing,-2
1287,fearless,2
1288,fearlessness,2
1289,fearsome,-2
1290,fed up,-3
1291,feeble,-2
1292,feeling,1
1293,felonies,-3
1294,felony,-3
1295,fertile,2
1296,fervent,2
1297,fervid,2
1298,festive,2
1299,fever,-2
1300,fiasco,-3
1301,fidgety,-2
1302,fight,-1
1303,fighting,-2
1304,fine,2
1305,fines,-2
1306,finest,3
1307,fire,-2
1308,fired,-2
1309,firing,-2
1310,fit,1
1311,fitness,1
1312,filth,-2
1313,filthy,-2
1314,flagship,2
1315,flaw,-2
1316,flawed,-3
1317,flawless,2
1318,flawlessly,2
1319,flaws,-2
1320,flees,-1
1321,flop,-2
1322,flops,-2
1323,flu,-2
1324,flustered,-2
1325,focused,2
1326,fond,2
1327,fondness,2
1328,fool,-2
1329,foolish,-2
1330,fools,-2
1331,forbid,-1
1332,forbidden,-2
1333,forbidding,-2
1334,forced,-1
1335,foreclosure,-2
1336,foreclosures,-2
1337,forefront,1
1338,forget,-1
1339,forgetful,-2
1340,forgettable,-1
1341,forgive,1
1342,forgiving,1
1343,forgot,-1
1344,forgotten,-1
1345,fortune,2
1346,fortunate,2
1347,fortunately,2
1348,foul,-3
1349,frantic,-1
1350,fraud,-4
1351,frauds,-4
1352,fraudster,-4
1353,fraudsters,-4
1354,fraudulence,-4
1355,fraudulent,-4
1356,freak,-2
1357,free,1
1358,freedom,2
1359,freedoms,2
1360,frenzy,-3
1361,fresh,1
1362,friend,1
1363,friendliness,2
1364,friendly,2
1365,friendship,2
1366,fright,-2
1367,frightened,-2
1368,frightening,-3
1369,frikin,-2
1370,frisky,2
1371,frowning,-1
1372,fruitless,-2
1373,frustrate,-2
1374,frustrated,-2
1375,frustrates,-2
1376,frustrating,-2
1377,frustration,-2
1378,ftw,3
1379,fuck,-4
1380,fucked,-4
1381,fucker,-4
1382,fuckers,-4
1383,fuckface,-4
1384,fuckhead,-4
1385,fuckin,-4
1386,fucking,-4
1387,fucking amazing,4
1388,fucking beautiful,4
1389,fucking cute,4
1390,fucking fantastic,4
1391,fucking good,4
1392,fucking great,4
1393,fucking hot,2
1394,fucking love,4
1395,fucking loves,4
1396,fucking perfect,4
1397,fucktard,-4
1398,fud,-3
1399,fuked,-4
1400,fuking,-4
1401,fulfill,2
1402,fulfilled,2
1403,fulfillment,2
1404,fulfills,2
1405,fuming,-2
1406,fun,4
1407,funeral,-1
1408,funerals,-1
1409,funky,2
1410,funnier,4
1411,funny,4
1412,furious,-3
1413,futile,-2
1414,gag,-2
1415,gagged,-2
1416,gain,2
1417,gained,2
1418,gaining,2
1419,gains,2
1420,gallant,3
1421,gallantly,3
1422,gallantry,3
1423,game-changing,3
1424,garbage,-1
1425,gem,3
1426,generous,2
1427,generously,2
1428,genial,3
1429,ghastly,-2
1430,ghost,-1
1431,giddy,-2
1432,gift,2
1433,glad,3
1434,glamorous,3
1435,glamourous,3
1436,glee,3
1437,gleeful,3
1438,gloom,-1
1439,gloomy,-2
1440,glorious,2
1441,glory,2
1442,glum,-2
1443,god,1
1444,goddamn,-3
1445,godsend,4
1446,gold,2
1447,good,3
1448,goodlooking,3
1449,goodmorning,1
1450,goodness,3
1451,goodwill,3
1452,goofiness,-2
1453,goofy,-2
1454,grace,1
1455,graceful,2
1456,gracious,3
1457,grand,3
1458,grant,1
1459,granted,1
1460,granting,1
1461,grants,1
1462,grateful,3
1463,gratification,2
1464,grave,-2
1465,gray,-1
1466,grisly,-2
1467,gr8,3
1468,great,3
1469,greater,3
1470,greatest,3
1471,greed,-3
1472,greedy,-2
1473,green wash,-3
1474,green washing,-3
1475,greenwash,-3
1476,greenwasher,-3
1477,greenwashers,-3
1478,greenwashing,-3
1479,greet,1
1480,greeted,1
1481,greeting,1
1482,greetings,2
1483,greets,1
1484,grey,-1
1485,grief,-2
1486,grieved,-2
1487,grim,-2
1488,gripping,2
1489,groan,-2
1490,groaned,-2
1491,groaning,-2
1492,groans,-2
1493,gross,-2
1494,growing,1
1495,growth,2
1496,growths,2
1497,gruesome,-3
1498,guarantee,1
1499,guilt,-3
1500,guilty,-3
1501,gullibility,-2
1502,gullible,-2
1503,gun,-1
1504,ha,2
1505,hacked,-1
1506,haha,3
1507,hahaha,3
1508,hahahah,3
1509,hail,2
1510,hailed,2
1511,hallelujah,3
1512,handpicked,1
1513,handsome,3
1514,hapless,-2
1515,haplessness,-2
1516,happiest,3
1517,happiness,3
1518,happy,3
1519,harass,-3
1520,harassed,-3
1521,harasses,-3
1522,harassing,-3
1523,harassment,-3
1524,hard,-1
1525,hardier,2
1526,hardship,-2
1527,hardy,2
1528,harm,-2
1529,harmed,-2
1530,harmful,-2
1531,harming,-2
1532,harmony,2
1533,harmonious,2
1534,harmoniously,2
1535,harms,-2
1536,harried,-2
1537,harsh,-2
1538,harsher,-2
1539,harshest,-2
1540,harshly,-2
1541,hate,-3
1542,hated,-3
1543,hater,-3
1544,haters,-3
1545,hates,-3
1546,hating,-3
1547,hatred,-3
1548,haunt,-1
1549,haunted,-2
1550,haunting,1
1551,haunts,-1
1552,havoc,-2
1553,hazardous,-3
1554,headache,-2
1555,healthy,2
1556,heartbreaking,-3
1557,heartbroken,-3
1558,heartfelt,3
1559,heartless,-2
1560,heartwarming,3
1561,heaven,2
1562,heavenly,4
1563,heavyhearted,-2
1564,hehe,2
1565,hell,-4
1566,hellish,-2
1567,help,2
1568,helpful,2
1569,helping,2
1570,helpless,-2
1571,helps,2
1572,hero,2
1573,heroes,2
1574,heroic,3
1575,hesitant,-2
1576,hesitate,-2
1577,hid,-1
1578,hide,-1
1579,hideous,-3
1580,hides,-1
1581,hiding,-1
1582,highlight,2
1583,hilarious,2
1584,hinder,-2
1585,hindrance,-2
1586,hoax,-2
1587,hollow,-1
1588,homeless,-2
1589,homesick,-2
1590,homicide,-2
1591,homicides,-2
1592,honest,2
1593,honor,2
1594,honored,2
1595,honoring,2
1596,honour,2
1597,honoured,2
1598,honouring,2
1599,hooligan,-2
1600,hooliganism,-2
1601,hooligans,-2
1602,hope,2
1603,hopeful,2
1604,hopefully,2
1605,hopeless,-2
1606,hopelessness,-2
1607,hopes,2
1608,hoping,2
1609,horrendous,-3
1610,horrid,-3
1611,horrible,-3
1612,horrific,-3
1613,horrified,-3
1614,hospitalized,-2
1615,hostile,-2
1616,huckster,-2
1617,hug,2
1618,huge,1
1619,hugs,2
1620,humane,2
1621,humble,1
1622,humbug,-2
1623,humerous,3
1624,humiliated,-3
1625,humiliation,-3
1626,humor,2
1627,humorous,2
1628,humour,2
1629,humourous,2
1630,hunger,-2
1631,hurrah,5
1632,hurt,-2
1633,hurting,-2
1634,hurts,-2
1635,hypocritical,-2
1636,hysteria,-3
1637,hysterical,-3
1638,hysterics,-3
1639,icky,-3
1640,idiocy,-3
1641,idiot,-3
1642,idiotic,-3
1643,ignorance,-2
1644,ignorant,-2
1645,ignore,-1
1646,ignored,-2
1647,ignores,-1
1648,ill,-2
1649,ill-fated,-2
1650,illegal,-3
1651,illegally,-3
1652,illegitimate,-3
1653,illiteracy,-2
1654,illness,-2
1655,illnesses,-2
1656,illogical,-2
1657,imaginative,2
1658,imbecile,-3
1659,immobilized,-1
1660,immortal,2
1661,immune,1
1662,impair,-2
1663,impaired,-2
1664,impairing,-2
1665,impairment,-2
1666,impairs,-2
1667,impatient,-2
1668,impeachment,-3
1669,impeachments,-3
1670,impede,-2
1671,impeded,-2
1672,impedes,-2
1673,impeding,-2
1674,impedingly,-2
1675,imperfect,-2
1676,importance,2
1677,important,2
1678,impose,-1
1679,imposed,-1
1680,imposes,-1
1681,imposing,-1
1682,imposter,-2
1683,impotent,-2
1684,impress,3
1685,impressed,3
1686,impresses,3
1687,impressive,3
1688,imprisoned,-2
1689,imprisonment,-2
1690,improper,-2
1691,improperly,-2
1692,improve,2
1693,improved,2
1694,improvement,2
1695,improves,2
1696,improving,2
1697,inability,-2
1698,inaction,-2
1699,inadequate,-2
1700,inadvertently,-2
1701,inappropriate,-2
1702,incapable,-2
1703,incapacitated,-2
1704,incapacitates,-2
1705,incapacitating,-2
1706,incense,-2
1707,incensed,-2
1708,incenses,-2
1709,incensing,-2
1710,incoherent,-2
1711,incompetence,-2
1712,incompetent,-2
1713,incomplete,-1
1714,incomprehensible,-2
1715,inconsiderate,-2
1716,inconvenience,-2
1717,inconvenient,-2
1718,increase,1
1719,increased,1
1720,indecisive,-2
1721,indestructible,2
1722,indicted,-2
1723,indifference,-2
1724,indifferent,-2
1725,indignant,-2
1726,indignation,-2
1727,indoctrinate,-2
1728,indoctrinated,-2
1729,indoctrinates,-2
1730,indoctrinating,-2
1731,inediable,-2
1732,inexorable,-3
1733,inexcusable,-3
1734,ineffective,-2
1735,ineffectively,-2
1736,ineffectual,-2
1737,inefficiency,-2
1738,inefficient,-2
1739,inefficiently,-2
1740,inept,-2
1741,ineptitude,-2
1742,infantile,-2
1743,infantilized,-2
1744,infatuated,2
1745,infatuation,2
1746,infect,-2
1747,infected,-2
1748,infecting,-2
1749,infection,-2
1750,infections,-2
1751,infectious,-2
1752,infects,-2
1753,inferior,-2
1754,infest,-2
1755,infested,-2
1756,infesting,-2
1757,infests,-2
1758,inflamed,-2
1759,inflict,-2
1760,inflicted,-2
1761,inflicting,-2
1762,inflicts,-2
1763,influential,2
1764,infract,-2
1765,infracted,-2
1766,infracting,-2
1767,infracts,-2
1768,infringement,-2
1769,infuriate,-2
1770,infuriated,-2
1771,infuriates,-2
1772,infuriating,-2
1773,inhibit,-1
1774,inhuman,-2
1775,injured,-2
1776,injuries,-2
1777,injury,-2
1778,injustice,-2
1779,innovate,1
1780,innovates,1
1781,innovation,1
1782,innovative,2
1783,inoperative,-2
1784,inquisition,-2
1785,inquisitive,2
1786,insane,-2
1787,insanity,-2
1788,insecure,-2
1789,insensitive,-2
1790,insensitivity,-2
1791,insignificant,-2
1792,insipid,-2
1793,insolvent,-2
1794,insomnia,-2
1795,inspiration,2
1796,inspirational,2
1797,inspire,2
1798,inspired,2
1799,inspires,2
1800,inspiring,3
1801,insufficiency,-2
1802,insufficient,-2
1803,insufficiently,-2
1804,insult,-2
1805,insulted,-2
1806,insulting,-2
1807,insults,-2
1808,intact,2
1809,integrity,2
1810,intelligent,2
1811,intense,1
1812,interest,1
1813,interested,2
1814,interesting,2
1815,interests,1
1816,interrogated,-2
1817,interrupt,-2
1818,interrupted,-2
1819,interrupting,-2
1820,interruption,-2
1821,interrupts,-2
1822,intimacy,2
1823,intimidate,-2
1824,intimidated,-2
1825,intimidates,-2
1826,intimidating,-2
1827,intimidation,-2
1828,intransigence,-2
1829,intransigency,-2
1830,intricate,2
1831,intrigues,1
1832,invasion,-1
1833,invincible,2
1834,invite,1
1835,inviting,1
1836,invulnerable,2
1837,irate,-3
1838,ironic,-1
1839,irony,-1
1840,irrational,-1
1841,irreparable,-2
1842,irreproducible,-2
1843,irresistible,2
1844,irresistibly,2
1845,irresolute,-2
1846,irresponsible,-2
1847,irresponsibly,-2
1848,irreversible,-1
1849,irreversibly,-1
1850,irritate,-3
1851,irritated,-3
1852,irritates,-3
1853,irritating,-3
1854,isolated,-1
1855,itchy,-2
1856,jackass,-4
1857,jackasses,-4
1858,jailed,-2
1859,jaunty,2
1860,jealous,-2
1861,jealousy,-2
1862,jeopardy,-2
1863,jerk,-3
1864,jesus,1
1865,jewel,1
1866,jewels,1
1867,jocular,2
1868,join,1
1869,joke,2
1870,jokes,2
1871,jolly,2
1872,jovial,2
1873,joy,3
1874,joyful,3
1875,joyfully,3
1876,joyless,-2
1877,joyous,3
1878,jubilant,3
1879,jumpy,-1
1880,justice,2
1881,justifiably,2
1882,justified,2
1883,keen,1
1884,kickback,-3
1885,kickbacks,-3
1886,kidnap,-2
1887,kidnapped,-2
1888,kidnapping,-2
1889,kidnappings,-2
1890,kidnaps,-2
1891,kill,-3
1892,killed,-3
1893,killing,-3
1894,kills,-3
1895,kind,2
1896,kind of,0
1897,kinder,2
1898,kindness,2
1899,kiss,2
1900,kudos,3
1901,lack,-2
1902,lackadaisical,-2
1903,lag,-1
1904,lagged,-2
1905,lagging,-2
1906,lags,-2
1907,lame,-2
1908,landmark,2
1909,lapse,-1
1910,lapsed,-1
1911,laugh,1
1912,laughed,1
1913,laughing,1
1914,laughs,1
1915,laughting,1
1916,launched,1
1917,lawl,3
1918,lawsuit,-2
1919,lawsuits,-2
1920,lazy,-1
1921,leadership,1
1922,leading,2
1923,leak,-1
1924,leaked,-1
1925,leave,-1
1926,legal,1
1927,legally,1
1928,lenient,1
1929,lethal,-2
1930,lethality,-2
1931,lethargic,-2
1932,lethargy,-2
1933,liar,-3
1934,liars,-3
1935,libelous,-2
1936,lied,-2
1937,lifeless,-1
1938,lifesaver,4
1939,lighthearted,1
1940,likable,2
1941,like,2
1942,likeable,2
1943,liked,2
1944,likers,2
1945,likes,2
1946,liking,2
1947,limitation,-1
1948,limited,-1
1949,limits,-1
1950,litigation,-1
1951,litigious,-2
1952,lively,2
1953,livid,-2
1954,lmao,4
1955,lmfao,4
1956,loathe,-3
1957,loathed,-3
1958,loathes,-3
1959,loathing,-3
1960,loathsome,-3
1961,lobbied,-2
1962,lobby,-2
1963,lobbying,-2
1964,lobbyist,-2
1965,lobbyists,-2
1966,lol,3
1967,lolol,4
1968,lololol,4
1969,lolololol,4
1970,lonely,-2
1971,lonesome,-2
1972,longing,-1
1973,lool,3
1974,loom,-1
1975,loomed,-1
1976,looming,-1
1977,looms,-1
1978,loool,3
1979,looool,3
1980,loose,-3
1981,looses,-3
1982,loser,-3
1983,losing,-3
1984,loss,-3
1985,losses,-3
1986,lost,-3
1987,lousy,-2
1988,lovable,3
1989,love,3
1990,loved,3
1991,lovelies,3
1992,lovely,3
1993,loves,3
1994,loving,2
1995,loving-kindness,3
1996,lowest,-1
1997,loyal,3
1998,loyalty,3
1999,luck,3
2000,luckily,3
2001,lucky,3
2002,lucrative,3
2003,ludicrous,-3
2004,lugubrious,-2
2005,lunatic,-3
2006,lunatics,-3
2007,lurk,-1
2008,lurking,-1
2009,lurks,-1
2010,luxury,2
2011,macabre,-2
2012,mad,-3
2013,maddening,-3
2014,made-up,-1
2015,madly,-3
2016,madness,-3
2017,magnificent,3
2018,maladaption,-2
2019,maldevelopment,-2
2020,maltreatment,-2
2021,mandatory,-1
2022,manipulated,-1
2023,manipulating,-1
2024,manipulation,-1
2025,manslaughter,-3
2026,marvel,3
2027,marvelous,3
2028,marvels,3
2029,masterpiece,4
2030,masterpieces,4
2031,matter,1
2032,matters,1
2033,mature,2
2034,meaningful,2
2035,meaningless,-2
2036,medal,3
2037,mediocrity,-3
2038,meditative,1
2039,melancholy,-2
2040,memorable,1
2041,memoriam,-2
2042,menace,-2
2043,menaced,-2
2044,menaces,-2
2045,mercy,2
2046,merry,3
2047,mesmerizing,3
2048,mess,-2
2049,messed,-2
2050,messing up,-2
2051,methodical,2
2052,methodically,2
2053,mindless,-2
2054,miracle,4
2055,mirth,3
2056,mirthful,3
2057,mirthfully,3
2058,misbehave,-2
2059,misbehaved,-2
2060,misbehaves,-2
2061,misbehaving,-2
2062,misbranding,-3
2063,miscast,-2
2064,mischief,-1
2065,mischiefs,-1
2066,misclassified,-2
2067,misclassifies,-2
2068,misclassify,-2
2069,misconduct,-2
2070,misconducted,-2
2071,misconducting,-2
2072,misconducts,-2
2073,miserable,-3
2074,miserably,-3
2075,misery,-2
2076,misfire,-2
2077,misfortune,-2
2078,misgiving,-2
2079,misinformation,-2
2080,misinformed,-2
2081,misinterpreted,-2
2082,mislead,-3
2083,misleaded,-3
2084,misleading,-3
2085,misleads,-3
2086,misplace,-2
2087,misplaced,-2
2088,misplaces,-2
2089,misplacing,-2
2090,mispricing,-3
2091,misread,-1
2092,misreport,-2
2093,misreported,-2
2094,misreporting,-2
2095,misreports,-2
2096,misrepresent,-2
2097,misrepresentation,-2
2098,misrepresentations,-2
2099,misrepresented,-2
2100,misrepresenting,-2
2101,misrepresents,-2
2102,miss,-2
2103,missed,-2
2104,missing,-2
2105,mistake,-2
2106,mistaken,-2
2107,mistakes,-2
2108,mistaking,-2
2109,misunderstand,-2
2110,misunderstanding,-2
2111,misunderstands,-2
2112,misunderstood,-2
2113,misuse,-2
2114,misused,-2
2115,misuses,-2
2116,misusing,-2
2117,moan,-2
2118,moaned,-2
2119,moaning,-2
2120,moans,-2
2121,mock,-2
2122,mocked,-2
2123,mocking,-2
2124,mocks,-2
2125,modernize,2
2126,modernized,2
2127,modernizes,2
2128,modernizing,2
2129,mongering,-2
2130,monopolize,-2
2131,monopolized,-2
2132,monopolizes,-2
2133,monopolizing,-2
2134,monotone,-1
2135,moody,-1
2136,mope,-1
2137,moping,-1
2138,moron,-3
2139,motherfucker,-5
2140,motherfucking,-5
2141,motivate,1
2142,motivated,2
2143,motivating,2
2144,motivation,1
2145,mourn,-2
2146,mourned,-2
2147,mournful,-2
2148,mourning,-2
2149,mourns,-2
2150,muddy,-2
2151,mumpish,-2
2152,murder,-2
2153,murderer,-2
2154,murdering,-3
2155,murderous,-3
2156,murders,-2
2157,murky,-2
2158,myth,-1
2159,n00b,-2
2160,naive,-2
2161,narcissism,-2
2162,nasty,-3
2163,natural,1
2164,na√Øve,-2
2165,needy,-2
2166,negative,-2
2167,negativity,-2
2168,neglect,-2
2169,neglected,-2
2170,neglecting,-2
2171,neglects,-2
2172,nerves,-1
2173,nervous,-2
2174,nervously,-2
2175,nice,3
2176,nifty,2
2177,niggas,-5
2178,nigger,-5
2179,no,-1
2180,no fun,-3
2181,noble,2
2182,noblest,2
2183,noisy,-1
2184,non-approved,-2
2185,nonsense,-2
2186,noob,-2
2187,nosey,-2
2188,not good,-2
2189,not working,-3
2190,notable,2
2191,noticeable,2
2192,notorious,-2
2193,novel,2
2194,numb,-1
2195,nurturing,2
2196,nuts,-3
2197,obliterate,-2
2198,obliterated,-2
2199,obnoxious,-3
2200,obscene,-2
2201,obscenity,-2
2202,obsessed,2
2203,obsolete,-2
2204,obstacle,-2
2205,obstacles,-2
2206,obstinate,-2
2207,obstruct,-2
2208,obstructed,-2
2209,obstructing,-2
2210,obstruction,-2
2211,obstructs,-2
2212,odd,-2
2213,offence,-2
2214,offences,-2
2215,offend,-2
2216,offended,-2
2217,offender,-2
2218,offending,-2
2219,offends,-2
2220,offense,-2
2221,offenses,-2
2222,offensive,-2
2223,offensively,-2
2224,offline,-1
2225,oks,2
2226,ominous,3
2227,once-in-a-lifetime,3
2228,oops,-2
2229,opportunities,2
2230,opportunity,2
2231,oppressed,-2
2232,oppression,-2
2233,oppressions,-2
2234,oppressive,-2
2235,optimism,2
2236,optimistic,2
2237,optionless,-2
2238,ostracize,-2
2239,ostracized,-2
2240,ostracizes,-2
2241,ouch,-2
2242,outage,-2
2243,outages,-2
2244,outbreak,-2
2245,outbreaks,-2
2246,outcry,-2
2247,outmaneuvered,-2
2248,outnumbered,-2
2249,outrage,-3
2250,outraged,-3
2251,outrageous,-3
2252,outreach,2
2253,outstanding,5
2254,overjoyed,4
2255,overload,-1
2256,overlooked,-1
2257,overprotective,-2
2258,overran,-2
2259,overreact,-2
2260,overreacted,-2
2261,overreacting,-2
2262,overreaction,-2
2263,overreacts,-2
2264,oversell,-2
2265,overselling,-2
2266,oversells,-2
2267,oversight,-1
2268,oversimplification,-2
2269,oversimplified,-2
2270,oversimplifies,-2
2271,oversimplify,-2
2272,oversold,-2
2273,overstatement,-2
2274,overstatements,-2
2275,overweight,-1
2276,overwrought,-3
2277,oxymoron,-1
2278,pain,-2
2279,pained,-2
2280,painful,-2
2281,panic,-3
2282,panicked,-3
2283,panics,-3
2284,paradise,3
2285,paradox,-1
2286,pardon,2
2287,pardoned,2
2288,pardoning,2
2289,pardons,2
2290,parley,-1
2291,passion,1
2292,passionate,2
2293,passive,-1
2294,passively,-1
2295,pathetic,-2
2296,pay,-1
2297,peace,2
2298,peaceful,2
2299,peacefully,2
2300,penalize,-2
2301,penalized,-2
2302,penalizes,-2
2303,penalizing,-2
2304,penalty,-2
2305,pensive,-1
2306,perfect,3
2307,perfected,2
2308,perfection,3
2309,perfectly,3
2310,perfects,2
2311,peril,-2
2312,perjury,-3
2313,perpetrated,-2
2314,perpetrator,-2
2315,perpetrators,-2
2316,perplexed,-2
2317,persecute,-2
2318,persecuted,-2
2319,persecutes,-2
2320,persecuting,-2
2321,perturbed,-2
2322,pervert,-3
2323,pesky,-2
2324,pessimism,-2
2325,pessimistic,-2
2326,petrified,-2
2327,philanthropy,2
2328,phobic,-2
2329,picturesque,2
2330,pileup,-1
2331,pillage,-2
2332,pique,-2
2333,piqued,-2
2334,piss,-4
2335,pissed,-4
2336,pissing,-3
2337,piteous,-2
2338,pitied,-1
2339,pity,-2
2340,plague,-3
2341,plagued,-3
2342,plagues,-3
2343,plaguing,-3
2344,playful,2
2345,pleasant,3
2346,please,1
2347,pleased,3
2348,pleasurable,3
2349,pleasure,3
2350,plodding,-2
2351,poignant,2
2352,pointless,-2
2353,poised,-2
2354,poison,-2
2355,poisoned,-2
2356,poisons,-2
2357,polished,2
2358,polite,2
2359,politeness,2
2360,pollutant,-2
2361,pollute,-2
2362,polluted,-2
2363,polluter,-2
2364,polluters,-2
2365,pollutes,-2
2366,pollution,-2
2367,poor,-2
2368,poorer,-2
2369,poorest,-2
2370,poorly,-2
2371,popular,3
2372,popularity,3
2373,positive,2
2374,positively,2
2375,possessive,-2
2376,post-traumatic,-2
2377,postpone,-1
2378,postponed,-1
2379,postpones,-1
2380,postponing,-1
2381,poverty,-1
2382,powerful,2
2383,powerless,-2
2384,praise,3
2385,praised,3
2386,praises,3
2387,praising,3
2388,pray,1
2389,praying,1
2390,prays,1
2391,prblm,-2
2392,prblms,-2
2393,predatory,-2
2394,prepared,1
2395,pressure,-1
2396,pressured,-2
2397,pretend,-1
2398,pretending,-1
2399,pretends,-1
2400,pretty,1
2401,prevent,-1
2402,prevented,-1
2403,preventing,-1
2404,prevents,-1
2405,prick,-5
2406,prison,-2
2407,prisoner,-2
2408,prisoners,-2
2409,privileged,2
2410,proactive,2
2411,problem,-2
2412,problems,-2
2413,profit,2
2414,profitable,2
2415,profiteer,-2
2416,profits,2
2417,progress,2
2418,prohibit,-1
2419,prohibits,-1
2420,prominent,2
2421,promise,1
2422,promised,1
2423,promises,1
2424,promote,1
2425,promoted,1
2426,promotes,1
2427,promoting,1
2428,promptly,1
2429,propaganda,-2
2430,prosecute,-1
2431,prosecuted,-2
2432,prosecutes,-1
2433,prosecution,-1
2434,prospect,1
2435,prospects,1
2436,prosperity,3
2437,prosperous,3
2438,protect,1
2439,protected,1
2440,protects,1
2441,protest,-2
2442,protesters,-2
2443,protesting,-2
2444,protests,-2
2445,proud,2
2446,proudly,2
2447,provoke,-1
2448,provoked,-1
2449,provokes,-1
2450,provoking,-1
2451,prudence,2
2452,pseudoscience,-3
2453,psychopathic,-2
2454,punish,-2
2455,punished,-2
2456,punishes,-2
2457,punishing,-2
2458,punitive,-2
2459,pure,1
2460,purest,1
2461,purposeful,2
2462,pushy,-1
2463,puzzled,-2
2464,quaking,-2
2465,qualities,2
2466,quality,2
2467,questionable,-2
2468,questioned,-1
2469,questioning,-1
2470,racism,-3
2471,racist,-3
2472,racists,-3
2473,rage,-2
2474,rageful,-2
2475,rainy,-1
2476,rant,-3
2477,ranter,-3
2478,ranters,-3
2479,rants,-3
2480,rape,-4
2481,raped,-4
2482,rapist,-4
2483,rapture,2
2484,raptured,2
2485,raptures,2
2486,rapturous,4
2487,rash,-2
2488,ratified,2
2489,reach,1
2490,reached,1
2491,reaches,1
2492,reaching,1
2493,reassure,1
2494,reassured,1
2495,reassures,1
2496,reassuring,2
2497,rebel,-2
2498,rebellion,-2
2499,rebels,-2
2500,recession,-2
2501,reckless,-2
2502,recognition,2
2503,recommend,2
2504,recommended,2
2505,recommends,2
2506,redeemed,2
2507,refine,1
2508,refined,1
2509,refines,1
2510,refreshingly,2
2511,refuse,-2
2512,refused,-2
2513,refuses,-2
2514,refusing,-2
2515,regret,-2
2516,regretful,-2
2517,regrets,-2
2518,regretted,-2
2519,regretting,-2
2520,reigning,1
2521,reject,-1
2522,rejected,-1
2523,rejecting,-1
2524,rejection,-2
2525,rejects,-1
2526,rejoice,4
2527,rejoiced,4
2528,rejoices,4
2529,rejoicing,4
2530,relaxed,2
2531,relentless,-1
2532,reliability,2
2533,reliable,2
2534,reliably,2
2535,reliant,2
2536,relieve,1
2537,relieved,2
2538,relieves,1
2539,relieving,2
2540,relishing,2
2541,remarkable,2
2542,remorse,-2
2543,repellent,-2
2544,repercussion,-2
2545,repercussions,-2
2546,reprimand,-2
2547,reprimanded,-2
2548,reprimanding,-2
2549,reprimands,-2
2550,repulse,-1
2551,repulsed,-2
2552,repulsive,-2
2553,rescue,2
2554,rescued,2
2555,rescues,2
2556,resentful,-2
2557,resign,-1
2558,resigned,-1
2559,resigning,-1
2560,resigns,-1
2561,resolute,2
2562,resolution,2
2563,resolve,2
2564,resolved,2
2565,resolves,2
2566,resolving,2
2567,respect,2
2568,respected,2
2569,respects,2
2570,responsibility,1
2571,responsible,2
2572,responsive,2
2573,restful,2
2574,restless,-2
2575,restore,1
2576,restored,1
2577,restores,1
2578,restoring,1
2579,restrict,-2
2580,restricted,-2
2581,restricting,-2
2582,restriction,-2
2583,restrictive,-1
2584,restricts,-2
2585,retained,-1
2586,retard,-2
2587,retarded,-2
2588,retreat,-1
2589,revenge,-2
2590,revengeful,-2
2591,revered,2
2592,revive,2
2593,revives,2
2594,revolting,-2
2595,reward,2
2596,rewarded,2
2597,rewarding,2
2598,rewards,2
2599,rich,2
2600,richly,2
2601,ridiculous,-3
2602,rig,-1
2603,rigged,-1
2604,right direction,3
2605,righteousness,2
2606,rightful,2
2607,rightfully,2
2608,rigorous,3
2609,rigorously,3
2610,riot,-2
2611,riots,-2
2612,rise,1
2613,rises,1
2614,risk,-2
2615,risks,-2
2616,risky,-2
2617,riveting,3
2618,rob,-2
2619,robber,-2
2620,robed,-2
2621,robing,-2
2622,robs,-2
2623,robust,2
2624,rofl,4
2625,roflcopter,4
2626,roflmao,4
2627,romance,2
2628,romantical,2
2629,romantically,2
2630,rose,1
2631,rotfl,4
2632,rotflmfao,4
2633,rotflol,4
2634,rotten,-3
2635,rude,-2
2636,ruin,-2
2637,ruined,-2
2638,ruining,-2
2639,ruins,-2
2640,sabotage,-2
2641,sad,-2
2642,sadden,-2
2643,saddened,-2
2644,sadly,-2
2645,safe,1
2646,safely,1
2647,safer,2
2648,safety,1
2649,salient,1
2650,salute,2
2651,saluted,2
2652,salutes,2
2653,saluting,2
2654,salvation,2
2655,sappy,-1
2656,sarcastic,-2
2657,satisfied,2
2658,savange,-2
2659,savanges,-2
2660,save,2
2661,saved,2
2662,savings,1
2663,scam,-2
2664,scams,-2
2665,scandal,-3
2666,scandalous,-3
2667,scandals,-3
2668,scapegoat,-2
2669,scapegoats,-2
2670,scare,-2
2671,scared,-2
2672,scar,-2
2673,scars,-2
2674,scary,-2
2675,sceptical,-2
2676,scold,-2
2677,scoop,3
2678,scorn,-2
2679,scornful,-2
2680,scream,-2
2681,screamed,-2
2682,screaming,-2
2683,screams,-2
2684,screwed,-2
2685,screwed up,-3
2686,scum,-3
2687,scumbag,-4
2688,seamless,2
2689,seamlessly,2
2690,secure,2
2691,secured,2
2692,secures,2
2693,sedition,-2
2694,seditious,-2
2695,seduced,-1
2696,self-abuse,-2
2697,self-confident,2
2698,self-contradictory,-2
2699,self-deluded,-2
2700,selfish,-3
2701,selfishness,-3
2702,sentence,-2
2703,sentenced,-2
2704,sentences,-2
2705,sentencing,-2
2706,serene,2
2707,settlement,1
2708,settlements,1
2709,severe,-2
2710,severely,-2
2711,sexist,-2
2712,sexistic,-2
2713,sexy,3
2714,shaky,-2
2715,shame,-2
2716,shamed,-2
2717,shameful,-2
2718,share,1
2719,shared,1
2720,shares,1
2721,shattered,-2
2722,shit,-4
2723,shithead,-4
2724,shitty,-3
2725,shock,-2
2726,shocked,-2
2727,shocking,-2
2728,shocks,-2
2729,shoody,-2
2730,shoot,-1
2731,short-sighted,-2
2732,short-sightedness,-2
2733,shortage,-2
2734,shortages,-2
2735,shrew,-4
2736,shy,-1
2737,sick,-2
2738,sickness,-2
2739,side-effect,-2
2740,side-effects,-2
2741,sigh,-2
2742,significance,1
2743,significant,1
2744,silencing,-1
2745,silly,-1
2746,simplicity,1
2747,sin,-2
2748,sincere,2
2749,sincerely,2
2750,sincerest,2
2751,sincerity,2
2752,sinful,-3
2753,singleminded,-2
2754,sinister,-2
2755,sins,-2
2756,skeptic,-2
2757,skeptical,-2
2758,skepticism,-2
2759,skeptics,-2
2760,slam,-2
2761,slash,-2
2762,slashed,-2
2763,slashes,-2
2764,slashing,-2
2765,slave,-3
2766,slavery,-3
2767,slaves,-3
2768,sleeplessness,-2
2769,slick,2
2770,slicker,2
2771,slickest,2
2772,slip,-1
2773,sloppy,-2
2774,sluggish,-2
2775,slumping,-1
2776,slut,-5
2777,smart,1
2778,smarter,2
2779,smartest,2
2780,smear,-2
2781,smile,2
2782,smiled,2
2783,smiles,2
2784,smiling,2
2785,smog,-2
2786,smuggle,-2
2787,smuggled,-2
2788,smuggling,-2
2789,smuggles,-2
2790,sneaky,-1
2791,sneeze,-2
2792,sneezed,-2
2793,sneezes,-2
2794,sneezing,-2
2795,snub,-2
2796,snubbed,-2
2797,snubbing,-2
2798,snubs,-2
2799,sobering,1
2800,solemn,-1
2801,solid,2
2802,solidarity,2
2803,solidified,2
2804,solidifies,2
2805,solidify,2
2806,solidifying,2
2807,solution,1
2808,solutions,1
2809,solve,1
2810,solved,1
2811,solves,1
2812,solving,1
2813,somber,-2
2814,some kind,0
2815,son-of-a-bitch,-5
2816,soothe,3
2817,soothed,3
2818,soothing,3
2819,sophisticated,2
2820,sore,-1
2821,sorrow,-2
2822,sorrowful,-2
2823,sorry,-1
2824,spacious,1
2825,spam,-2
2826,spammer,-3
2827,spammers,-3
2828,spamming,-2
2829,spark,1
2830,sparkle,3
2831,sparkles,3
2832,sparkling,3
2833,spearhead,2
2834,speculative,-2
2835,spirit,1
2836,spirited,2
2837,spiritless,-2
2838,spiteful,-2
2839,splendid,3
2840,spoiled,-2
2841,spoilt,-2
2842,spotless,2
2843,sprightly,2
2844,squander,-2
2845,squandered,-2
2846,squandering,-2
2847,squanders,-2
2848,squelched,-1
2849,stab,-2
2850,stabbed,-2
2851,stable,2
2852,stabs,-2
2853,stall,-2
2854,stalled,-2
2855,stalling,-2
2856,stamina,2
2857,stampede,-2
2858,stank,-2
2859,startled,-2
2860,startling,3
2861,starve,-2
2862,starved,-2
2863,starves,-2
2864,starving,-2
2865,steadfast,2
2866,steal,-2
2867,stealing,-2
2868,steals,-2
2869,stereotype,-2
2870,stereotyped,-2
2871,stifled,-1
2872,stimulate,1
2873,stimulated,1
2874,stimulates,1
2875,stimulating,2
2876,stingy,-2
2877,stink,-2
2878,stinked,-2
2879,stinker,-2
2880,stinking,-2
2881,stinks,-2
2882,stinky,-2
2883,stole,-2
2884,stolen,-2
2885,stop,-1
2886,stopped,-1
2887,stopping,-1
2888,stops,-1
2889,stout,2
2890,straight,1
2891,strange,-1
2892,strangely,-1
2893,strangled,-2
2894,strength,2
2895,strengthen,2
2896,strengthened,2
2897,strengthening,2
2898,strengthens,2
2899,strengths,2
2900,stress,-1
2901,stressed,-2
2902,stressor,-2
2903,stressors,-2
2904,stricken,-2
2905,strike,-1
2906,strikers,-2
2907,strikes,-1
2908,strong,2
2909,stronger,2
2910,strongest,2
2911,struck,-1
2912,struggle,-2
2913,struggled,-2
2914,struggles,-2
2915,struggling,-2
2916,stubborn,-2
2917,stuck,-2
2918,stunned,-2
2919,stunning,4
2920,stupid,-2
2921,stupidity,-3
2922,stupidly,-2
2923,suave,2
2924,subpoena,-2
2925,substantial,1
2926,substantially,1
2927,subversive,-2
2928,succeed,3
2929,succeeded,3
2930,succeeding,3
2931,succeeds,3
2932,success,2
2933,successful,3
2934,successfully,3
2935,suck,-3
2936,sucks,-3
2937,sue,-2
2938,sued,-2
2939,sueing,-2
2940,sues,-2
2941,suffer,-2
2942,suffered,-2
2943,sufferer,-2
2944,sufferers,-2
2945,suffering,-2
2946,suffers,-2
2947,suicidal,-2
2948,suicide,-2
2949,suicides,-2
2950,suing,-2
2951,suitable,2
2952,suited,2
2953,sulking,-2
2954,sulky,-2
2955,sullen,-2
2956,sunshine,2
2957,super,3
2958,superb,5
2959,superior,2
2960,support,2
2961,supported,2
2962,supporter,1
2963,supporters,1
2964,supporting,1
2965,supportive,2
2966,supports,2
2967,supreme,4
2968,survived,2
2969,surviving,2
2970,survivor,2
2971,suspect,-1
2972,suspected,-1
2973,suspecting,-1
2974,suspects,-1
2975,suspend,-1
2976,suspended,-1
2977,suspicious,-2
2978,sustainability,1
2979,sustainable,2
2980,sustainably,2
2981,swear,-2
2982,swearing,-2
2983,swears,-2
2984,sweet,2
2985,sweeter,3
2986,sweetest,3
2987,swift,2
2988,swiftly,2
2989,swindle,-3
2990,swindles,-3
2991,swindling,-3
2992,sympathetic,2
2993,sympathy,2
2994,taint,-2
2995,tainted,-2
2996,talent,2
2997,tard,-2
2998,tarnish,-2
2999,tarnished,-2
3000,tarnishes,-2
3001,tears,-2
3002,tender,2
3003,tenderness,2
3004,tense,-2
3005,tension,-1
3006,terrible,-3
3007,terribly,-3
3008,terrific,4
3009,terrifically,4
3010,terrified,-3
3011,terror,-3
3012,terrorist,-2
3013,terrorists,-2
3014,terrorize,-3
3015,terrorized,-3
3016,terrorizes,-3
3017,thank,2
3018,thankful,2
3019,thanks,2
3020,thorny,-2
3021,thoughtful,2
3022,thoughtless,-2
3023,threat,-2
3024,threaten,-2
3025,threatened,-2
3026,threatening,-2
3027,threatens,-2
3028,threats,-2
3029,thrilled,5
3030,thwart,-2
3031,thwarted,-2
3032,thwarting,-2
3033,thwarts,-2
3034,timid,-2
3035,timorous,-2
3036,tired,-2
3037,tits,-2
3038,tolerance,2
3039,tolerant,2
3040,toothless,-2
3041,top,2
3042,tops,2
3043,torn,-2
3044,torture,-4
3045,tortured,-4
3046,tortures,-4
3047,torturing,-4
3048,totalitarian,-2
3049,totalitarianism,-2
3050,tout,-2
3051,touted,-2
3052,touting,-2
3053,touts,-2
3054,toxic,-3
3055,tragedies,-2
3056,tragedy,-2
3057,tragic,-2
3058,tranquil,2
3059,transgress,-2
3060,transgressed,-2
3061,transgresses,-2
3062,transgressing,-2
3063,trap,-1
3064,trapped,-2
3065,traps,-1
3066,trauma,-3
3067,traumatic,-3
3068,travesty,-2
3069,treason,-3
3070,treasonous,-3
3071,treasure,2
3072,treasures,2
3073,trembling,-2
3074,tremor,-2
3075,tremors,-2
3076,tremulous,-2
3077,tribulation,-2
3078,tribute,2
3079,tricked,-2
3080,trickery,-2
3081,triumph,4
3082,triumphant,4
3083,troll,-2
3084,trouble,-2
3085,troubled,-2
3086,troubles,-2
3087,troubling,-2
3088,TRUE,2
3089,trust,1
3090,trusted,2
3091,trusts,1
3092,tumor,-2
3093,twat,-5
3094,tyran,-3
3095,tyrannic,-3
3096,tyrannical,-3
3097,tyrannically,-3
3098,tyrans,-3
3099,ubiquitous,2
3100,ugh,-2
3101,ugliness,-3
3102,ugly,-3
3103,unable,-2
3104,unacceptable,-2
3105,unappeasable,-2
3106,unappreciated,-2
3107,unapproved,-2
3108,unattractive,-2
3109,unavailable,-1
3110,unavailing,-2
3111,unaware,-2
3112,unbearable,-2
3113,unbelievable,-1
3114,unbelieving,-1
3115,unbiased,2
3116,uncertain,-1
3117,unclear,-1
3118,uncomfortable,-2
3119,unconcerned,-2
3120,unconfirmed,-1
3121,unconvinced,-1
3122,uncredited,-1
3123,undecided,-1
3124,undercooked,-2
3125,underestimate,-1
3126,underestimated,-1
3127,underestimates,-1
3128,underestimating,-1
3129,undermine,-2
3130,undermined,-2
3131,undermines,-2
3132,undermining,-2
3133,underperform,-2
3134,underperformed,-2
3135,underperforming,-2
3136,underperforms,-2
3137,undeserving,-2
3138,undesirable,-2
3139,uneasy,-2
3140,unemployed,-1
3141,unemployment,-2
3142,unequal,-1
3143,unequaled,2
3144,unethical,-2
3145,uneventful,-2
3146,unfair,-2
3147,unfavorable,-2
3148,unfit,-2
3149,unfitted,-2
3150,unfocused,-2
3151,unforgivable,-3
3152,unforgiving,-2
3153,unfulfilled,-2
3154,unfunny,-2
3155,ungenerous,-2
3156,ungrateful,-3
3157,unhappy,-2
3158,unhappiness,-2
3159,unhealthy,-2
3160,unhygienic,-2
3161,unified,1
3162,unimaginative,-2
3163,unimpressed,-2
3164,uninspired,-2
3165,unintelligent,-2
3166,unintentional,-2
3167,uninvolving,-2
3168,united,1
3169,unjust,-2
3170,unlikely,-1
3171,unlovable,-2
3172,unloved,-2
3173,unmatched,1
3174,unmotivated,-2
3175,unoriginal,-2
3176,unparliamentary,-2
3177,unpleasant,-2
3178,unpleasantness,-2
3179,unprofessional,-2
3180,unravel,1
3181,unreleting,-2
3182,unresearched,-2
3183,unsafe,-2
3184,unsatisfied,-2
3185,unscientific,-2
3186,unsecured,-2
3187,unselfish,2
3188,unsettled,-1
3189,unsold,-1
3190,unsophisticated,-2
3191,unsound,-2
3192,unstable,-2
3193,unstoppable,2
3194,unsuccessful,-2
3195,unsuccessfully,-2
3196,unsupported,-2
3197,unsure,-1
3198,untarnished,2
3199,untrue,-2
3200,unwanted,-2
3201,unworthy,-2
3202,uplifting,2
3203,uproar,-3
3204,upset,-2
3205,upsets,-2
3206,upsetting,-2
3207,uptight,-2
3208,urgent,-1
3209,useful,2
3210,usefulness,2
3211,useless,-2
3212,uselessness,-2
3213,vague,-2
3214,validate,1
3215,validated,1
3216,validates,1
3217,validating,1
3218,vapid,-2
3219,verdict,-1
3220,verdicts,-1
3221,vested,1
3222,vexation,-2
3223,vexing,-2
3224,vibrant,3
3225,vicious,-2
3226,victim,-3
3227,victimization,-3
3228,victimize,-3
3229,victimized,-3
3230,victimizes,-3
3231,victimizing,-3
3232,victims,-3
3233,victor,3
3234,victors,3
3235,victory,3
3236,victories,3
3237,vigilant,3
3238,vigor,3
3239,vile,-3
3240,vindicate,2
3241,vindicated,2
3242,vindicates,2
3243,vindicating,2
3244,violate,-2
3245,violated,-2
3246,violates,-2
3247,violating,-2
3248,violation,-2
3249,violations,-2
3250,violence,-3
3251,violence-related,-3
3252,violent,-3
3253,violently,-3
3254,virtuous,2
3255,virulent,-2
3256,vision,1
3257,visionary,3
3258,visioning,1
3259,visions,1
3260,vitality,3
3261,vitamin,1
3262,vitriolic,-3
3263,vivacious,3
3264,vividly,2
3265,vociferous,-1
3266,vomit,-3
3267,vomited,-3
3268,vomiting,-3
3269,vomits,-3
3270,vulnerability,-2
3271,vulnerable,-2
3272,walkout,-2
3273,walkouts,-2
3274,wanker,-3
3275,want,1
3276,war,-2
3277,warfare,-2
3278,warm,1
3279,warmhearted,2
3280,warmness,2
3281,warmth,2
3282,warn,-2
3283,warned,-2
3284,warning,-3
3285,warnings,-3
3286,warns,-2
3287,waste,-1
3288,wasted,-2
3289,wasting,-2
3290,wavering,-1
3291,weak,-2
3292,weakened,-2
3293,weakness,-2
3294,weaknesses,-2
3295,wealth,3
3296,wealthier,2
3297,wealthy,2
3298,weary,-2
3299,weep,-2
3300,weeping,-2
3301,weird,-2
3302,welcome,2
3303,welcomed,2
3304,welcomes,2
3305,well-being,2
3306,well-championed,3
3307,well-developed,2
3308,well-established,2
3309,well-focused,2
3310,well-groomed,2
3311,well-proportioned,2
3312,whimsical,1
3313,whitewash,-3
3314,whore,-4
3315,wicked,-2
3316,widowed,-1
3317,willingness,2
3318,win,4
3319,winner,4
3320,winning,4
3321,wins,4
3322,winwin,3
3323,wisdom,1
3324,wish,1
3325,wishes,1
3326,wishing,1
3327,withdrawal,-3
3328,wits,2
3329,woebegone,-2
3330,woeful,-3
3331,won,3
3332,wonderful,4
3333,wonderfully,4
3334,woo,3
3335,woohoo,3
3336,wooo,4
3337,woow,4
3338,worn,-1
3339,worried,-3
3340,worries,-3
3341,worry,-3
3342,worrying,-3
3343,worse,-3
3344,worsen,-3
3345,worsened,-3
3346,worsening,-3
3347,worsens,-3
3348,worshiped,3
3349,worst,-3
3350,worth,2
3351,worthless,-2
3352,worthy,2
3353,wow,4
3354,wowow,4
3355,wowww,4
3356,wrathful,-3
3357,wreck,-2
3358,wrenching,-2
3359,wrong,-2
3360,wrongdoing,-2
3361,wrongdoings,-2
3362,wronged,-2
3363,wrongful,-2
3364,wrongfully,-2
3365,wrongly,-2
3366,wtf,-4
3367,wtff,-4
3368,wtfff,-4
3369,xo,3
3370,xoxo,3
3371,xoxoxo,4
3372,xoxoxoxo,4
3373,yeah,1
3374,yearning,1
3375,yeees,2
3376,yes,1
3377,youthful,2
3378,yucky,-2
3379,yummy,3
3380,zealot,-2
3381,zealots,-2
3382,zealous,2
